chi2,dof,p_value,n
85.4941467048287,20,4.498376596992481e-10,2673
