R2,Adj_R2,MAE,RMSE,n
0.3855732933315479,0.37882901835297667,10.388325103506157,13.138268729844588,2672
